{
  "$schema": "./node_modules/@angular/cli/lib/config/schema.json",
  "project": {
    "name": "bmx"
  },
  "apps": [
    {
      "root": "./client",
      "outDir": "dist",
      "assets": [
        "assets",
        "admin",
        "favicon.ico"
      ],
      "index": "index.html",
      "main": "main.ts",
      "polyfills": "polyfills.ts",
      "test": "test.ts",
      "tsconfig": "tsconfig.app.json",
      "testTsconfig": "tsconfig.spec.json",
      "prefix": "app",
      "styles": [
        "styles.css",
        "./assets/theme/css/main.css",
        "./assets/theme/css/lib/font-awesome/font-awesome.min.css",
        "./assets/theme/css/lib/datatables-net/datatables.min.css"
      ],
      "scripts": [
        "./assets/theme/js/lib/jquery/jquery.min.js",
        "./assets/theme/js/lib/tether/tether.min.js",
        "./assets/theme/js/lib/bootstrap/bootstrap.min.js",
        "./assets/theme/js/plugins.js",
        "./assets/theme/js/lib/datatables-net/datatables.min.js"
      ],
      "environmentSource": "environments/environment.ts",
      "environments": {
        "dev": "environments/environment.ts",
        "prod": "environments/environment.prod.ts"
      }
    }
  ],
  "e2e": {
    "protractor": {
      "config": "./protractor.conf.js"
    }
  },
  "lint": [
    {
      "project": "client/tsconfig.app.json"
    },
    {
      "project": "client/tsconfig.spec.json"
    },
    {
      "project": "e2e/tsconfig.e2e.json"
    }
  ],
  "test": {
    "karma": {
      "config": "./karma.conf.js"
    }
  },
  "defaults": {
    "styleExt": "css",
    "component": {}
  }
}
